user_id,AIQ_batch_id,AIQ_total_spend,Johnny_batch_id,Johnny_total_spend,,,,
5988,3164,3500,5731,4208,,,,
5983,4271,3061,4623,4537,,,,
6796,997,1062,5132,4417,,,,
6792,3349,3583,5038,4271,,,,
6790,619,1912,5267,4770,,,,
6791,3156,3553,5893,4230,,,,Sum of Johnny_total_spend  = 8290846 
6798,3558,3160,4631,4537,,,,       Sum of AIQ_total_spend = 3548365 
272,194,1459,5828,4835,,,,                                 Difference = 4742481
276,1324,1054,5560,4179,,,,
279,680,1604,4541,4210,,,,"Total revenue - Johnny Summary  = $33,904,525"
9252,1293,239,4957,4365,,,,"      Total revenue - AIQ Summary  = $29,162,044"
3519,4366,3562,4909,4751,,,,"                                  Difference  = $ 4,742,481"
3511,1732,1557,5946,4654,,,,
3516,2828,2217,4886,4025,,,,
3514,2143,2078,5642,4857,,,,
2688,1247,842,5353,4889,,,,
2687,1711,453,4589,4840,,,,
92,1697,562,4768,4897,,,,
1174,2822,2153,5448,4393,,,,
7183,3368,3862,5235,4505,,,,
7187,2004,2530,5922,4948,,,,
1225,1212,1549,5300,4935,,,,
8549,646,486,5493,4455,,,,
8548,694,427,5455,4901,,,,
7457,2256,2420,5988,4187,,,,
7451,2399,2432,5131,4166,,,,
7459,1034,591,5644,4465,,,,
2745,3978,3760,5947,4325,,,,
2744,974,1520,5823,4923,,,,
2031,2688,2273,5109,4105,,,,
6535,896,884,5915,4605,,,,
6532,1680,1472,5843,4041,,,,
2038,2681,2142,4627,4264,,,,
2300,2401,2756,5067,4349,,,,
5846,3889,3649,5859,4700,,,,
5843,463,1405,5704,4351,,,,
5849,42,1140,4900,4044,,,,
3744,4485,3350,5940,4934,,,,
3742,3777,3672,5548,4460,,,,
4620,2804,2416,4571,4572,,,,
4629,649,393,4546,4455,,,,
171,2878,2050,5526,4942,,,,
7213,2501,2771,4501,4987,,,,
7215,1944,916,5573,4025,,,,
6217,3455,3250,5480,4391,,,,
6216,2518,2098,5988,4693,,,,
6211,997,701,5549,4870,,,,
6210,3663,3369,5244,4706,,,,
6218,4407,3931,5935,4981,,,,
6818,3096,3235,4672,4840,,,,
6811,4056,3134,4820,4876,,,,
6813,1122,1879,5926,4557,,,,
6816,3801,3129,5543,4887,,,,
9754,4087,3019,4996,4306,,,,
9752,2185,2751,4668,4733,,,,
9751,2324,2315,4506,4519,,,,
9759,722,662,4848,4809,,,,
8846,232,1976,5118,4617,,,,
7660,1171,679,5601,4044,,,,
1546,3255,3293,5222,4524,,,,
1547,1616,829,4799,4035,,,,
690,605,250,4715,4180,,,,
695,1274,1178,4729,4739,,,,
698,1648,870,5468,4823,,,,
1548,301,1365,4978,4086,,,,
5617,785,970,5229,4485,,,,
7118,2578,2732,5382,4459,,,,
9250,3022,3890,5727,4103,,,,
6777,2032,2967,4646,4041,,,,
6771,2336,2991,4947,4826,,,,
9965,399,723,5426,4404,,,,
9960,1364,1030,4509,4966,,,,
9961,2324,2183,4808,4315,,,,
259,1216,20,4912,4651,,,,
254,373,454,5252,4520,,,,
9509,744,1439,5140,4140,,,,
9504,20,1869,5865,4428,,,,
9505,2068,2413,4583,4583,,,,
3683,773,702,5871,4235,,,,
2511,1289,520,5663,4701,,,,
2513,478,1230,4689,4950,,,,
5054,3311,3079,4938,4391,,,,
1157,3850,3879,4830,4134,,,,
8525,3573,3469,5213,4884,,,,
4295,1932,929,4681,4098,,,,
4297,4071,3446,4724,4764,,,,
4749,2301,2262,5105,4610,,,,
4747,2530,2619,5777,4887,,,,
5867,3745,3132,5792,4803,,,,
2187,183,1510,5488,4967,,,,
4605,4460,3936,4641,4626,,,,
6452,99,1509,4644,4881,,,,
6902,2420,2820,5579,4761,,,,
159,1691,1748,4635,4055,,,,
6185,2570,2885,4578,4904,,,,
6909,1836,1709,5726,4580,,,,
8133,2049,2385,5471,4434,,,,
2725,2803,2291,4761,4531,,,,
2723,1994,1653,5143,4323,,,,
2722,1046,609,5402,4697,,,,
2729,1075,1757,4819,4799,,,,
7236,2167,2967,4857,4115,,,,
7233,804,436,5108,4051,,,,
9198,1768,1621,4982,4928,,,,
7238,2461,2355,5650,4649,,,,
6235,3429,3827,4844,4015,,,,
6237,2442,2305,4807,4913,,,,
6236,4055,3061,4644,4718,,,,
9778,3849,3036,5482,4125,,,,
8863,1287,22,4810,4344,,,,
8868,1646,286,5475,4568,,,,
819,1032,1814,4501,4408,,,,
812,3034,3307,5252,4863,,,,
817,589,1473,5924,4266,,,,
7934,502,1041,5474,4456,,,,
7936,363,1595,5694,4728,,,,
3027,457,1984,5414,4099,,,,
3023,3307,3238,5205,4164,,,,
8735,1944,1859,4716,4638,,,,
8733,195,975,5917,4938,,,,
8731,104,330,5113,4675,,,,
4198,2902,2286,4777,4195,,,,
4196,3114,3372,5118,4329,,,,
8195,2948,2662,4736,4078,,,,
8199,1062,1053,4996,4663,,,,
6755,1187,1995,4745,4981,,,,
9941,907,1352,5037,4088,,,,
9949,1709,480,5059,4618,,,,
239,897,1136,5764,4684,,,,
235,3268,3372,5939,4743,,,,
2532,2827,2670,5197,4154,,,,
2537,3765,3779,5569,4873,,,,
5073,1736,539,5850,4359,,,,
5074,992,1464,5701,4699,,,,
933,1496,1042,4642,4771,,,,
931,4169,3017,5324,4568,,,,
9382,2224,2657,5646,4165,,,,
798,3712,3937,5158,4664,,,,
2417,2722,2178,5718,4226,,,,
7148,181,439,4589,4987,,,,
7149,2894,2111,5571,4493,,,,
7144,444,659,5603,4575,,,,
8503,1172,1304,4592,4747,,,,
8504,4321,3585,5441,4409,,,,
2882,2386,2583,5362,4664,,,,
2880,3875,3422,5824,4738,,,,
2885,1132,1434,5398,4780,,,,
4763,4038,3984,4637,4481,,,,
4765,1055,149,5238,4851,,,,
4766,4140,3886,5605,4951,,,,
4769,3649,3041,4609,4800,,,,
4768,633,1343,4698,4994,,,,
5801,1795,608,5641,4772,,,,
5806,1843,1435,4639,4457,,,,
685,416,377,5715,4564,,,,
1577,3185,3930,5502,4953,,,,
4888,4491,3106,5484,4944,,,,
4889,3429,3115,4765,4061,,,,
2709,2643,2739,5086,4702,,,,
4882,324,530,5468,4910,,,,
7963,1258,58,4657,4009,,,,
7966,844,1867,5695,4201,,,,
9175,2484,2806,4503,4628,,,,
9173,4064,3792,5126,4887,,,,
6250,525,1219,4875,4013,,,,
6256,4110,3594,5104,4375,,,,
8547,236,341,5930,4069,,,,
3471,3504,3471,5085,4135,,,,
8882,1199,591,4897,4665,,,,
7023,895,271,5752,4478,,,,
5241,2006,2639,5244,4158,,,,
7027,178,1096,5900,4421,,,,
7283,1346,476,5108,4571,,,,
3001,2781,2058,5123,4071,,,,
7286,1469,934,5976,4961,,,,
1588,990,661,5534,4628,,,,
1589,3302,3734,5005,4109,,,,
7937,1086,1301,5850,4037,,,,
1580,2211,2378,5584,4279,,,,
1587,1208,1558,4728,4662,,,,
1584,939,987,4527,4823,,,,
9452,785,599,4652,4072,,,,
5658,3477,3925,5680,4674,,,,
6419,1850,992,4961,4533,,,,
6412,2602,2917,4983,4971,,,,
7771,917,691,4929,4156,,,,
3912,1822,1142,5347,4539,,,,
3911,2629,2108,4890,4957,,,,
3918,4306,3391,5802,4639,,,,
6730,2477,2662,5116,4859,,,,
8318,2616,2785,4529,4933,,,,
9927,3124,3631,5596,4949,,,,
215,454,1705,5770,4879,,,,
213,1257,720,5583,4890,,,,
210,3959,3583,5554,4680,,,,
219,3221,3289,4697,4200,,,,
3646,1633,16,5272,4258,,,,
3640,1553,943,5382,4255,,,,
2550,1905,140,5285,4042,,,,
2552,580,494,5552,4963,,,,
5012,68,687,5642,4087,,,,
4419,331,1181,5087,4341,,,,
4414,582,641,4901,4926,,,,
4413,408,1380,4770,4061,,,,
4412,876,415,4953,4333,,,,
918,999,549,4760,4586,,,,
9548,4303,3546,4867,4687,,,,
9541,3218,3215,4661,4896,,,,
7162,3363,3149,4705,4318,,,,
7167,3997,3109,5503,4077,,,,
7164,306,1286,5772,4822,,,,
7165,373,135,5812,4663,,,,
8079,115,1821,5242,4074,,,,
8075,3137,3651,5612,4725,,,,
8076,162,1828,4704,4368,,,,
1216,359,267,4541,4338,,,,
1111,1198,738,5581,4068,,,,
2005,2400,2184,4885,4264,,,,
2301,188,1233,4608,4662,,,,
4850,3651,3995,5291,4975,,,,
4789,399,1338,4537,4063,,,,
4784,989,1869,5029,4107,,,,
5821,2694,2673,4869,4762,,,,
5822,1295,1062,5563,4256,,,,
5825,1516,1021,5346,4429,,,,
197,1835,801,5651,4402,,,,
196,1510,1014,5685,4246,,,,
191,595,1396,5552,4223,,,,
190,2807,2982,5730,4576,,,,
192,3911,3776,4708,4027,,,,
9151,1509,93,4572,4523,,,,
9150,1294,637,4793,4390,,,,
2761,1959,1401,5853,4196,,,,
9159,1768,1582,5866,4514,,,,
7909,2888,2277,5462,4673,,,,
9489,2963,2788,5098,4088,,,,
7901,3438,3757,5587,4773,,,,
9481,3399,3372,4939,4650,,,,
9487,991,866,5280,4722,,,,
9485,3560,3295,5981,4371,,,,
9484,3319,3581,5650,4733,,,,
6271,999,1567,5982,4900,,,,
6273,1485,1722,4913,4691,,,,
6272,3761,3657,5874,4978,,,,
6274,961,1726,5534,4829,,,,
9734,404,622,5629,4156,,,,
859,1371,419,5468,4857,,,,
5227,496,215,5618,4131,,,,
3063,1570,1474,5745,4887,,,,
3066,4,1331,5697,4062,,,,
3068,871,478,5706,4782,,,,
1305,813,391,4837,4953,,,,
495,3015,3940,5797,4029,,,,
496,1475,1946,4557,4979,,,,
492,134,1338,5489,4318,,,,
6471,2604,2526,5443,4588,,,,
6470,3278,3789,5828,4635,,,,
7757,3966,3470,5944,4676,,,,
7752,3256,3985,5824,4001,,,,
9534,1852,46,5708,4558,,,,
3937,3448,3455,4844,4566,,,,
8331,1375,634,5185,4278,,,,
8336,2669,2146,4869,4027,,,,
9900,257,1102,5357,4106,,,,
9909,3653,3165,5706,4886,,,,
4045,3838,3457,5136,4088,,,,
4040,2261,2274,5724,4961,,,,
4041,541,1992,5345,4110,,,,
3660,861,448,4922,4564,,,,
3663,4084,3046,5035,4379,,,,
3669,2771,2818,5632,4623,,,,
2578,459,316,5401,4671,,,,
2576,2596,2772,4534,4524,,,,
2577,3827,3863,5326,4375,,,,
2571,4270,3601,5484,4267,,,,
3593,1871,566,4783,4066,,,,
3590,4484,3292,4647,4153,,,,
3595,1756,921,4588,4689,,,,
5034,1507,1340,4693,4835,,,,
5030,423,483,5050,4671,,,,
4431,1838,55,5591,4701,,,,
4438,860,1786,5318,4154,,,,
972,2652,2185,4597,4123,,,,
3386,4245,3320,5817,4794,,,,
7106,484,1590,5248,4910,,,,
1685,3299,3380,5197,4615,,,,
1467,503,381,5724,4862,,,,
1466,1302,1265,5456,4806,,,,
4238,883,42,5651,4937,,,,
4236,912,83,5462,4670,,,,
4235,3251,3188,4758,4466,,,,
4231,1543,1152,5840,4971,,,,
312,707,148,5850,4141,,,,
7284,1453,1799,5849,4164,,,,
7289,1822,105,5934,4610,,,,
2293,83,1926,5749,4020,,,,
2294,2971,2947,5389,4661,,,,
7922,1928,1684,5299,4712,,,,
9136,4384,3614,4680,4765,,,,
7298,1409,1873,4565,4094,,,,
7929,1443,106,5384,4566,,,,
6298,4395,3963,5654,4661,,,,
6295,1029,33,5859,4051,,,,
6290,839,1240,5760,4611,,,,
3438,3314,3058,5347,4793,,,,
3430,1739,1634,4793,4460,,,,
874,93,42,4979,4410,,,,
871,4297,3572,5765,4235,,,,
2741,2870,2825,5728,4727,,,,
4848,3448,3535,5262,4334,,,,
4594,45,1442,5016,4518,,,,
4845,1006,454,5525,4357,,,,
4846,2945,2677,5193,4297,,,,
4847,2317,2050,4840,4799,,,,
2039,496,1561,4783,4030,,,,
5202,3455,3972,5885,4839,,,,
5193,3753,3409,5627,4057,,,,
1911,3675,3078,4587,4006,,,,
3040,77,1812,4759,4164,,,,
3045,2868,2434,5773,4057,,,,
1320,1001,768,4755,4342,,,,
1325,144,1050,4911,4009,,,,
8139,4422,3905,5923,4733,,,,
7733,18,1003,4793,4284,,,,
3956,2216,2330,5480,4586,,,,
8350,4490,3069,4995,4484,,,,
8353,2788,2887,4864,4162,,,,
8354,1794,16,5128,4764,,,,
8355,1655,568,5141,4218,,,,
4068,2608,2636,5593,4007,,,,
3600,463,1215,4806,4942,,,,
3609,821,339,4526,4394,,,,
4455,1167,129,4721,4734,,,,
959,2119,2265,5756,4690,,,,
6337,1482,115,5871,4250,,,,
9677,2777,2544,5209,4738,,,,
4966,249,979,5994,4444,,,,
7122,311,364,5809,4300,,,,
1669,1083,1665,5833,4181,,,,
1668,470,1187,5960,4528,,,,
1664,863,607,4568,4185,,,,
1663,3066,3390,4543,4770,,,,
1661,2789,2498,4881,4088,,,,
1660,1488,1286,4536,4366,,,,
597,1356,586,5250,4570,,,,
2821,3328,3354,5039,4661,,,,
5416,3242,3136,4758,4263,,,,
5417,3649,3472,4738,4411,,,,
3383,3578,3231,4617,4509,,,,
3380,1826,672,4890,4843,,,,
1409,3552,3355,5272,4220,,,,
4215,3789,3692,4650,4322,,,,
5577,82,708,4767,4602,,,,
6109,2125,2076,5284,4928,,,,
6106,2076,2860,5603,4129,,,,
6104,1838,321,5983,4449,,,,
6102,1537,1463,5718,4552,,,,
6100,83,122,4593,4570,,,,
9445,122,225,5448,4008,,,,
3413,22,1123,4728,4214,,,,
2019,690,0,5563,4116,,,,
2017,4447,3889,4812,4075,,,,
2010,1479,1682,5659,4831,,,,
458,3034,3074,5656,4134,,,,
1343,600,1426,5371,4290,,,,
1345,1597,76,5955,4578,,,,
1346,3746,3565,4738,4883,,,,
8119,333,1662,5975,4852,,,,
6928,2729,2007,5634,4112,,,,
8113,3015,3053,4893,4364,,,,
8111,2289,2969,4652,4723,,,,
6923,3398,3550,4838,4296,,,,
7711,2283,2278,5855,4787,,,,
7719,2675,2281,5631,4851,,,,
8371,26,566,4870,4571,,,,
9572,1310,1317,5956,4234,,,,
8141,910,139,5985,4442,,,,
4001,1114,1530,4882,4582,,,,
4004,2589,2145,4954,4841,,,,
3977,1815,1751,5767,4469,,,,
3979,3401,3179,5471,4028,,,,
3623,1836,1155,4969,4602,,,,
3625,1982,1446,5645,4341,,,,
4477,2889,2401,5285,4166,,,,
2463,1559,1879,5408,4303,,,,
6313,3940,3191,5487,4263,,,,
6310,3757,3835,5956,4497,,,,
6318,2662,2669,5523,4620,,,,
9657,113,453,5164,4342,,,,
9304,44,1660,5888,4660,,,,
9658,3550,3679,5385,4951,,,,
1648,2943,2218,5307,4760,,,,
570,3247,3547,4763,4558,,,,
2802,1933,743,5157,4448,,,,
5430,2569,2756,5797,4190,,,,
1426,4033,3047,4972,4895,,,,
5438,3511,3489,5275,4849,,,,
3360,1985,3,5470,4064,,,,
4272,4217,3758,5798,4617,,,,
5556,4336,3716,5149,4785,,,,
5550,2506,2696,5668,4541,,,,
5559,817,644,4560,4344,,,,
5558,3934,3097,4745,4866,,,,
2016,2841,2594,4940,4638,,,,
4867,586,59,5092,4645,,,,
5883,4437,3270,5408,4855,,,,
5880,3466,3463,5847,4279,,,,
5887,2063,2370,5913,4477,,,,
5889,2616,2632,4833,4338,,,,
5888,3312,3149,4816,4718,,,,
6558,76,612,5719,4409,,,,
356,1989,568,5617,4052,,,,
9884,2253,2710,5343,4169,,,,
7503,2448,2778,4993,4633,,,,
7508,4393,3518,5870,4881,,,,
359,65,37,4552,4184,,,,
4855,865,860,5714,4523,,,,
6123,1920,253,5122,4990,,,,
6122,1797,637,5073,4780,,,,
6129,1447,529,4528,4527,,,,
2254,2328,2613,5871,4007,,,,
4801,1124,931,5206,4329,,,,
4638,4025,3509,4553,4432,,,,
4806,3370,3363,4883,4198,,,,
4808,659,220,4586,4751,,,,
9464,4495,3901,5875,4421,,,,
9468,554,1724,5417,4257,,,,
9795,1360,1675,4851,4657,,,,
9798,2122,2170,5123,4373,,,,
7082,1681,50,5231,4747,,,,
7088,1593,125,5022,4499,,,,
6495,4059,3548,5814,4864,,,,
8174,1820,1693,4952,4186,,,,
8178,4404,3305,5103,4458,,,,
6949,1648,1736,5076,4071,,,,
6948,157,924,5734,4829,,,,
6946,3876,3875,4976,4509,,,,
4399,1918,1157,5937,4437,,,,
4391,4474,3074,4985,4963,,,,
4394,896,1774,5227,4418,,,,
3195,3241,3253,4711,4940,,,,
3194,4279,3724,5056,4367,,,,
477,3731,3780,5710,4039,,,,
474,1640,1416,5468,4765,,,,
1369,1344,261,5154,4306,,,,
4025,1616,147,4518,4287,,,,
3998,1813,659,4992,4280,,,,
3995,1604,460,5382,4359,,,,
8697,4327,3048,5173,4680,,,,
299,3410,3653,4723,4603,,,,
295,1280,859,5000,4196,,,,
2440,1575,1277,4871,4990,,,,
2448,2230,2144,5629,4040,,,,
7865,1564,514,4554,4046,,,,
7868,1856,392,4583,4826,,,,
6375,1359,1711,5643,4530,,,,
9638,3264,3635,5567,4192,,,,
9323,319,1669,5668,4232,,,,
9632,1966,121,4794,4664,,,,
8943,1583,1054,5013,4434,,,,
8946,1169,1376,5091,4960,,,,
1437,240,652,5603,4164,,,,
1992,1211,890,4918,4673,,,,
1629,3461,3530,4614,4066,,,,
2868,1486,911,5729,4112,,,,
2869,937,615,5805,4817,,,,
553,2689,2800,5987,4562,,,,
552,466,1734,5229,4383,,,,
3348,732,419,5791,4498,,,,
3342,1774,1685,5433,4080,,,,
3341,3644,3775,5635,4226,,,,
1197,2446,2996,5364,4426,,,,
4257,4283,3174,5725,4626,,,,
1349,2432,2592,5608,4967,,,,
6576,1178,1011,5123,4185,,,,
6577,4330,3560,4540,4576,,,,
7691,935,479,5086,4524,,,,
7693,3091,3897,5661,4586,,,,
7698,3545,3024,5067,4205,,,,
1342,2267,2040,4508,4596,,,,
3836,2007,2442,4868,4634,,,,
3207,1368,432,5321,4062,,,,
7526,3724,3059,5860,4674,,,,
7527,1554,1400,5247,4701,,,,
370,1752,886,5725,4402,,,,
7529,2473,2711,4700,4057,,,,
377,169,160,4806,4593,,,,
6141,2777,2414,5036,4935,,,,
6144,3790,3611,5505,4100,,,,
6921,3471,3268,5255,4432,,,,
8115,1169,1426,4581,4591,,,,
2275,1039,1567,4712,4411,,,,
2273,1694,296,5150,4197,,,,
2056,2700,2139,5111,4206,,,,
4536,4298,3887,5092,4360,,,,
7320,856,400,5346,4971,,,,
7321,1680,1075,5651,4373,,,,
7322,895,932,5034,4061,,,,
802,267,1413,4717,4537,,,,
7066,1679,1757,5076,4867,,,,
7065,4305,3228,5288,4758,,,,
6961,728,1949,5570,4713,,,,
8628,2022,2668,4798,4007,,,,
8153,2665,2863,5967,4747,,,,
416,296,66,5181,4330,,,,
1389,1177,266,5127,4513,,,,
412,111,1885,5392,4693,,,,
413,1083,445,5634,4762,,,,
7224,545,197,4901,4246,,,,
5277,1185,1131,4800,4061,,,,
1771,1807,1183,4605,4201,,,,
1770,1935,1357,5306,4683,,,,
5278,1414,1068,4551,4746,,,,
6680,512,1467,4557,4907,,,,
6681,433,1969,5167,4276,,,,
6683,4297,3418,5177,4171,,,,
6685,2468,2470,4689,4723,,,,
2420,689,1103,4951,4788,,,,
2421,1137,1415,4792,4955,,,,
2422,184,1736,5319,4839,,,,
2424,7,1415,4556,4005,,,,
2425,4127,3490,4597,4940,,,,
7849,121,531,5768,4991,,,,
7844,1125,1284,4555,4081,,,,
6354,2756,2973,5535,4082,,,,
6352,4101,3995,5532,4964,,,,
6350,1620,1499,4853,4172,,,,
9340,650,1126,4506,4679,,,,
9345,3427,3587,5096,4704,,,,
9346,2097,2682,5395,4433,,,,
9618,4328,3517,5005,4772,,,,
1609,1361,1592,4781,4345,,,,
1978,753,362,4915,4905,,,,
2846,3666,3380,5877,4378,,,,
5476,4500,3795,5485,4172,,,,
5478,3333,3863,4521,4201,,,,
5519,2293,2367,5493,4367,,,,
5511,2515,2761,5569,4886,,,,
5510,1711,493,5938,4333,,,,
536,500,5,5536,4007,,,,
535,1342,1531,5157,4065,,,,
531,1142,418,5184,4412,,,,
539,589,1834,5080,4115,,,,
6513,1672,1700,4789,4213,,,,
3293,1343,1693,4723,4773,,,,
3817,2749,2569,4956,4020,,,,
8458,37,1711,5552,4481,,,,
7548,37,1929,5630,4314,,,,
7544,1139,356,5908,4396,,,,
7545,838,579,5935,4877,,,,
6169,3862,3472,5747,4091,,,,
6161,1094,326,5015,4517,,,,
6164,2159,2891,5603,4960,,,,
4519,2508,2337,4943,4924,,,,
4510,1712,957,5654,4704,,,,
4511,1566,1131,5051,4939,,,,
4514,4311,3002,4904,4136,,,,
9429,1951,1864,4864,4559,,,,
9424,1157,1175,5300,4497,,,,
5289,804,1999,4512,4159,,,,
5282,2249,2028,4572,4986,,,,
7306,1069,1928,4790,4390,,,,
7304,3425,3559,5663,4923,,,,
7305,424,156,4965,5000,,,,
9283,954,674,4918,4235,,,,
7047,1391,428,5242,4785,,,,
7042,2295,2710,5165,4191,,,,
8601,1081,1158,5772,4832,,,,
8605,1169,276,4604,4552,,,,
2982,2776,2913,5845,4992,,,,
2986,2250,2520,5355,4005,,,,
1018,4120,3456,5505,4958,,,,
1014,1228,1378,5472,4724,,,,
1013,2099,2972,5662,4557,,,,
437,4029,3837,5343,4639,,,,
430,2749,2965,5924,4715,,,,
1050,1428,701,5840,4870,,,,
7821,1736,1700,5426,4541,,,,
7824,3629,3004,5477,4575,,,,
1057,4252,3821,4844,4565,,,,
8986,3480,3138,5826,4212,,,,
8983,1565,1958,5480,4673,,,,
1832,364,1645,5200,4186,,,,
1833,1757,284,5646,4870,,,,
1836,2080,2116,5511,4942,,,,
3794,318,536,4525,4954,,,,
3797,1444,82,4753,4840,,,,
3793,1528,205,5152,4942,,,,
4980,3954,3014,5577,4007,,,,
4982,2591,2467,5723,4769,,,,
4986,1922,775,5556,4378,,,,
1950,2529,2173,5334,4602,,,,
3249,2782,2124,4929,4895,,,,
3241,1197,220,5917,4848,,,,
3247,601,201,5522,4189,,,,
3245,1936,1617,4525,4644,,,,
3307,129,968,5726,4492,,,,
5497,191,1063,5187,4612,,,,
5491,2419,2929,5839,4925,,,,
3300,1134,1554,5570,4418,,,,
2062,2778,2299,5478,4249,,,,
2064,2376,2570,5468,4008,,,,
515,1494,1870,5496,4851,,,,
517,1879,1930,5024,4626,,,,
1226,878,1710,5092,4703,,,,
621,1908,627,5682,4492,,,,
1224,1324,1830,5833,4770,,,,
626,478,506,5430,4341,,,,
1220,2667,2966,4791,4761,,,,
4142,3834,3335,5184,4193,,,,
628,1464,1037,5494,4603,,,,
1229,496,1749,5441,4984,,,,
8290,1964,408,5064,4819,,,,
8295,323,995,5907,4749,,,,
8296,2218,2305,4790,4253,,,,
3879,4439,3810,5835,4917,,,,
3872,3299,3176,5813,4565,,,,
8475,2870,2979,5294,4402,,,,
8474,3818,3407,5033,4129,,,,
7564,630,1048,5806,4710,,,,
7565,1654,1851,5496,4450,,,,
7560,3811,3278,5572,4108,,,,
9308,2864,2358,5766,4102,,,,
4165,891,1526,5640,4246,,,,
4162,2387,2492,5914,4697,,,,
4160,3900,3258,5129,4004,,,,
4169,4254,3671,5108,4066,,,,
2233,2938,2014,5135,4093,,,,
5930,3969,3029,5582,4003,,,,
3498,1308,1006,4891,4722,,,,
3499,4428,3745,5189,4260,,,,
2094,3826,3998,4620,4493,,,,
4574,1468,1685,5016,4943,,,,
8423,2003,2799,5620,4024,,,,
7364,893,240,5895,4031,,,,
7365,4377,3162,4618,4980,,,,
3,105,390,4510,4558,,,,
9007,4489,3789,4556,4880,,,,
9006,94,1320,4602,4950,,,,
9004,2268,2606,5994,4222,,,,
9002,4143,3014,5427,4103,,,,
7028,1035,1423,4750,4229,,,,
7791,1310,167,4940,4005,,,,
7795,154,555,5118,4634,,,,
7797,1485,1250,4614,4639,,,,
7796,1135,510,5117,4884,,,,
1035,1616,792,5476,4028,,,,
4378,2482,2126,4532,4334,,,,
4379,991,1078,5330,4182,,,,
4372,994,1047,5089,4522,,,,
4377,1496,698,5047,4384,,,,
4374,1359,1068,4862,4900,,,,
8661,1598,459,4968,4882,,,,
8663,2172,2777,4879,4620,,,,
4082,2514,2703,5162,4524,,,,
5729,1899,1984,5808,4169,,,,
8080,469,709,5699,4674,,,,
6648,2286,2738,4987,4333,,,,
6644,4003,3624,5894,4089,,,,
7801,575,843,5354,4220,,,,
7800,219,1578,5529,4996,,,,
7805,1766,891,4846,4829,,,,
6398,4287,3703,4831,4103,,,,
6393,494,318,5129,4487,,,,
6395,1958,883,5200,4408,,,,
2396,3475,3785,4533,4193,,,,
2397,1409,1500,4718,4237,,,,
2394,111,180,4916,4482,,,,
2393,447,1867,4908,4535,,,,
2399,467,122,5298,4963,,,,
1854,3657,3349,4641,4865,,,,
2172,1238,1470,4555,4895,,,,
2177,1798,1588,5571,4620,,,,
3845,1194,814,5957,4780,,,,
2178,597,394,4699,4689,,,,
1933,950,266,5829,4548,,,,
5129,3925,3516,5596,4895,,,,
1934,1566,1387,5679,4282,,,,
5121,1496,332,4759,4890,,,,
7237,1559,1105,5299,4905,,,,
7947,62,1228,5309,4990,,,,
9195,50,1319,5742,4213,,,,
6884,25,1278,5501,4250,,,,
6881,1326,710,4938,4118,,,,
1203,1420,226,5772,4135,,,,
8278,2483,2227,4622,4011,,,,
8274,1552,716,5614,4882,,,,
8412,2314,2993,4558,4486,,,,
8416,834,1580,4873,4330,,,,
9806,2504,2714,4785,4769,,,,
7582,2603,2453,6000,4778,,,,
4148,1054,682,5618,4445,,,,
4145,3435,3453,5895,4958,,,,
4144,717,1209,5778,4576,,,,
4143,400,421,5583,4729,,,,
3857,1419,1293,5015,4692,,,,
6485,527,1679,5733,4148,,,,
5911,3911,3609,4977,4931,,,,
5912,3428,3075,4846,4532,,,,
4552,3786,3001,5323,4694,,,,
4550,3188,3476,5867,4654,,,,
6072,3960,3022,4988,4264,,,,
6071,3837,3426,4773,4149,,,,
6070,1223,337,5227,4930,,,,
6078,1285,1984,4904,4592,,,,
2619,1760,1820,5257,4920,,,,
7345,1584,1462,4985,4860,,,,
9029,1465,1395,5627,4371,,,,
7001,4000,3915,4646,4279,,,,
749,2176,2537,5909,4252,,,,
2949,219,1516,4813,4257,,,,
4314,3165,3570,5760,4397,,,,
4315,1349,454,4980,4420,,,,
4316,1259,1266,5462,4410,,,,
4319,944,593,5037,4159,,,,
3116,4350,3844,5887,4722,,,,
8647,1564,923,5621,4349,,,,
8645,4223,3295,5064,4965,,,,
5742,2799,2136,4818,4103,,,,
5264,2343,2306,5146,4395,,,,
2136,4353,3794,5536,4445,,,,
6662,4341,3010,5314,4834,,,,
6665,1422,1463,5783,4517,,,,
2370,220,503,5663,4016,,,,
1876,3155,3639,4590,4479,,,,
1871,1634,924,5463,4833,,,,
4944,3010,3721,5634,4488,,,,
1606,1342,1777,5568,4339,,,,
2111,2779,2457,5941,4017,,,,
2114,2176,2792,4796,4220,,,,
3289,4295,3011,4870,4945,,,,
5103,1625,285,5119,4576,,,,
883,1228,309,5138,4002,,,,
882,644,1958,5588,4224,,,,
5245,3622,3458,5349,4148,,,,
7504,1857,749,5113,4965,,,,
7350,750,1380,4927,4793,,,,
8250,1511,373,5644,4995,,,,
669,111,1604,5590,4496,,,,
1264,3076,3734,4967,4630,,,,
8787,1342,261,5523,4869,,,,
7618,1305,1346,4931,4436,,,,
7619,332,1811,4792,4197,,,,
7615,3542,3920,4839,4509,,,,
7616,802,209,5103,4093,,,,
7610,831,1467,5814,4164,,,,
3282,91,1176,5201,4598,,,,
3281,3180,3113,4940,4566,,,,
8433,4275,3704,5724,4215,,,,
9829,849,374,5672,4587,,,,
8040,1644,1202,5543,4699,,,,
8517,326,665,5323,4488,,,,
4123,198,1285,4508,4618,,,,
4122,1729,997,5182,4707,,,,
5684,2647,2661,5840,4095,,,,
5682,1225,252,4835,4421,,,,
5973,2744,2174,5306,4926,,,,
5974,2435,2215,5902,4969,,,,
2586,2119,2027,4610,4641,,,,
2581,983,139,5476,4722,,,,
6059,76,7,4991,4377,,,,
6055,2624,2660,5342,4903,,,,
6050,3101,3771,5081,4657,,,,
6053,3958,3246,4682,4237,,,,
2639,4314,3372,4946,4356,,,,
9598,2695,2489,5126,4586,,,,
9594,1560,201,5638,4681,,,,
9042,1370,803,4532,4749,,,,
769,2785,2627,5703,4759,,,,
763,1830,1241,5379,4647,,,,
5379,599,1585,5402,4122,,,,
1076,1317,479,5398,4846,,,,
1074,4431,3916,4628,4723,,,,
4338,641,1123,5746,4115,,,,
4335,2605,2419,5051,4043,,,,
3135,3831,3740,4619,4725,,,,
3131,4271,3067,5618,4687,,,,
5769,3980,3807,5862,4259,,,,
5766,4415,3473,5503,4340,,,,
5764,2107,2692,5286,4012,,,,
6430,1490,1162,5828,4378,,,,
7426,964,1322,4825,4981,,,,
7423,2712,2263,5737,4208,,,,
7422,860,859,5183,4173,,,,
7421,93,675,4691,4393,,,,
7420,2667,2309,5936,4546,,,,
7428,1027,726,4735,4492,,,,
6605,3150,3086,4971,4939,,,,
6607,4022,3394,5459,4107,,,,
5366,459,1896,4928,4893,,,,
2359,3186,3947,4692,4855,,,,
2353,1029,1711,5712,4894,,,,
3739,695,958,5810,4674,,,,
3735,2086,2362,5770,4988,,,,
3734,4459,3239,4985,4750,,,,
4691,3793,3834,5587,4501,,,,
4922,353,1873,5966,4887,,,,
2132,5,390,4634,4028,,,,
4929,2324,2506,4715,4267,,,,
2139,4176,3648,5823,4303,,,,
5168,7,779,5481,4727,,,,
9695,2564,2317,5742,4321,,,,
1790,4411,3716,4572,4369,,,,
6840,3041,3205,5299,4612,,,,
6847,2769,2078,5385,4079,,,,
8233,1538,764,5586,4866,,,,
6592,3450,3111,4616,4586,,,,
7636,704,1041,5708,4454,,,,
9846,2171,2710,4781,4076,,,,
3090,4479,3536,5519,4761,,,,
647,242,667,4875,4970,,,,
648,10,1656,5639,4847,,,,
4106,3679,3329,5847,4981,,,,
4109,2341,2180,5428,4376,,,,
7613,4438,3599,5596,4765,,,,
3892,77,1968,5308,4187,,,,
3893,2012,2071,4631,4302,,,,
3890,2558,2100,5850,4450,,,,
5955,2725,2217,5170,4371,,,,
5957,4266,3095,5659,4785,,,,
6031,3206,3856,4689,4807,,,,
6030,3873,3417,5727,4627,,,,
9204,4048,3338,5318,4970,,,,
7383,2922,2890,4583,4566,,,,
7380,3754,3475,4983,4066,,,,
9061,309,1531,4650,4005,,,,
9060,3732,3287,5233,4057,,,,
3562,618,754,5891,4820,,,,
3560,1910,314,5266,4146,,,,
4487,2965,2221,4565,4930,,,,
4480,986,5,5342,4812,,,,
2900,1552,1279,5717,4091,,,,
704,2934,2957,5772,4655,,,,
706,2237,2542,4845,4230,,,,
700,1779,1075,4904,4999,,,,
5317,1016,1124,5481,4849,,,,
5315,856,125,4758,4445,,,,
3154,2220,2190,4841,4573,,,,
149,1813,11,4871,4843,,,,
7409,700,582,5788,4445,,,,
7405,1497,1934,5558,4898,,,,
7406,977,202,5294,4114,,,,
6628,56,1625,5512,4069,,,,
6623,3498,3529,4862,4556,,,,
4715,216,45,4659,4584,,,,
4710,3813,3907,5513,4804,,,,
3715,1281,1452,4682,4246,,,,
3714,2436,2388,4782,4142,,,,
3711,314,6,4881,4789,,,,
4909,3308,3160,5633,4639,,,,
4679,1922,1977,5244,4638,,,,
4906,1610,1661,5635,4626,,,,
5149,1756,86,5350,4975,,,,
5142,1993,932,5418,4208,,,,
125,1568,1515,5445,4772,,,,
7220,1213,586,5536,4314,,,,
7954,1439,929,4591,4609,,,,
9168,3688,3807,5392,4624,,,,
3373,4150,3489,4879,4374,,,,
5420,3938,3410,5384,4053,,,,
7246,387,73,5292,4817,,,,
7240,1487,1924,4951,4631,,,,
6828,2162,2979,4707,4008,,,,
6829,360,449,4625,4970,,,,
8815,2740,2257,5032,4279,,,,
8812,482,1686,5704,4333,,,,
8818,2122,2818,4601,4101,,,,
8748,1318,1932,4819,4535,,,,
8215,1397,1224,5224,4892,,,,
8742,1439,1382,4641,4630,,,,
8217,25,706,4615,4868,,,,
7655,106,1993,5652,4578,,,,
7657,2418,2367,4789,4925,,,,
8176,432,1859,5369,4748,,,,
8179,2150,2675,5729,4551,,,,
9868,2767,2178,5690,4455,,,,
9861,1589,866,5128,4303,,,,
9865,1280,1762,5804,4323,,,,
1518,2067,2493,5754,4054,,,,
1517,717,482,4518,4511,,,,
1511,1758,832,5611,4658,,,,
1510,2359,2886,4595,4728,,,,
1512,1198,180,4572,4870,,,,
6968,1038,1474,5230,4354,,,,
261,1536,1712,5638,4364,,,,
267,3845,3839,5616,4698,,,,
6015,1671,1138,5398,4138,,,,
9262,193,553,4764,4897,,,,
9265,4182,3355,5133,4071,,,,
9089,3933,3990,5624,4904,,,,
5088,2176,2093,4610,4826,,,,
5083,1668,1802,5107,4402,,,,
3505,2217,2705,5169,4970,,,,
2673,1299,658,5142,4004,,,,
2676,3188,3059,5557,4209,,,,
2678,4448,3363,5764,4838,,,,
2920,1947,653,5184,4093,,,,
2926,1392,1974,5452,4577,,,,
5338,1806,1887,4763,4838,,,,
3173,859,1111,5778,4385,,,,
1163,3322,3535,4796,4238,,,,
473,708,1114,5828,4774,,,,
8550,3626,3234,4673,4876,,,,
8559,1835,909,4726,4112,,,,
8000,4145,3459,5612,4045,,,,
7463,3661,3236,5910,4456,,,,
7460,2833,2775,5465,4458,,,,
4934,281,1842,5436,4910,,,,
4732,2348,2089,5512,4277,,,,
5854,476,184,4919,4762,,,,
5853,667,1862,4841,4442,,,,
3775,1801,1426,4795,4430,,,,
4654,2380,2388,4945,4146,,,,
4650,4124,3255,4528,4471,,,,
7880,270,865,5956,4790,,,,
7884,1298,972,4561,4346,,,,
109,883,646,5571,4247,,,,
100,4042,3547,5531,4394,,,,
101,31,795,5002,4777,,,,
106,1937,479,5568,4665,,,,
105,997,1544,4741,4997,,,,
7264,2198,2626,5010,4099,,,,
6205,1718,98,5993,4821,,,,
6201,2981,2557,4549,4554,,,,
6209,688,1181,5478,4844,,,,
6809,462,1952,5484,4096,,,,
6803,1615,94,5879,5000,,,,
6800,2116,2419,4579,4397,,,,
9743,4251,3690,4742,4204,,,,
8834,1051,1439,5193,4035,,,,
8833,505,618,4941,4891,,,,
7677,803,1242,5610,4151,,,,
7675,2102,2130,5869,4448,,,,
1757,1814,226,4723,4035,,,,
1754,607,1722,5195,4457,,,,
1287,4420,3958,5670,4787,,,,
1281,1987,71,5451,4965,,,,
1288,2743,2504,5229,4578,,,,
8760,4268,3123,4682,4652,,,,
8056,579,1593,4788,4496,,,,
5629,1634,1947,5039,4408,,,,
5622,3758,3798,5379,4607,,,,
5620,1837,1641,5057,4415,,,,
8493,3,485,5962,4071,,,,
8494,4486,3233,4666,4281,,,,
8498,275,983,5398,4930,,,,
5995,237,29,4827,4860,,,,
5997,233,421,4629,4932,,,,
5992,564,1625,4697,4085,,,,
4677,2305,2048,5695,4577,,,,
6783,2615,2996,4838,4391,,,,
6786,4167,3078,5191,4438,,,,
6788,3848,3099,5969,4993,,,,
247,3851,3717,5381,4841,,,,
9241,1146,1679,4516,4113,,,,
9536,3896,3068,4967,4811,,,,
9242,654,1389,4998,4519,,,,
9245,196,1564,5381,4897,,,,
3698,967,1777,5060,4554,,,,
3526,1031,154,5849,4366,,,,
2695,3612,3766,4889,4908,,,,
2693,3684,3204,4527,4379,,,,
2691,4313,3477,5315,4239,,,,
2690,435,194,5438,4136,,,,
4535,2528,2046,4838,4569,,,,
6402,763,1140,4725,4608,,,,
8533,556,1777,5073,4196,,,,
4283,64,622,5519,4878,,,,
4286,2314,2581,5245,4250,,,,
4284,2462,2451,5921,4802,,,,
387,1693,1880,5139,4916,,,,
4750,2364,2992,4819,4432,,,,
4751,1581,1583,5736,4413,,,,
5872,226,1525,5791,4915,,,,
5876,1394,1187,4809,4923,,,,
5874,3957,3983,5842,4949,,,,
5878,2585,2048,4798,4460,,,,
3752,3935,3338,5134,4192,,,,
3754,1655,1035,5259,4757,,,,
4633,959,1458,5489,4494,,,,
2192,3361,3630,4857,4635,,,,
2198,2611,2013,4513,4075,,,,
4639,1307,668,4918,4117,,,,
168,2725,2637,5353,4513,,,,
164,1422,190,5060,4895,,,,
165,2266,2570,5471,4223,,,,
2040,102,957,5043,4417,,,,
2739,2254,2270,5302,4325,,,,
9180,3618,3575,5233,4849,,,,
9181,546,1052,4511,4036,,,,
9188,1767,51,4683,4477,,,,
7206,3125,3880,4926,4157,,,,
7205,1536,1181,5179,4175,,,,
6225,4333,3201,5504,4134,,,,
8859,2987,2313,4506,4379,,,,
8858,780,661,5551,4622,,,,
8852,2967,2299,5161,4420,,,,
801,2607,2503,5776,4401,,,,
8856,2561,2727,5347,4970,,,,
8855,2157,2454,5807,4710,,,,
5274,925,1446,5532,4132,,,,
5276,3954,3594,5604,4778,,,,
1776,3934,3735,4969,4062,,,,
5271,538,405,5230,4276,,,,
1773,344,1678,4609,4886,,,,
1779,3268,3524,5037,4058,,,,
1551,837,1422,5562,4246,,,,
1555,3379,3957,5736,4756,,,,
3039,3685,3177,5905,4228,,,,
1557,3043,3816,5957,4814,,,,
3036,1142,1924,4724,4946,,,,
3033,1128,1498,5701,4549,,,,
8703,1286,191,5009,4493,,,,
8701,1319,1116,5003,4495,,,,
8709,4132,3199,5201,4210,,,,
9327,1035,1537,5793,4624,,,,
6422,293,784,5626,4563,,,,
6428,1031,1610,5008,4857,,,,
6429,287,50,4584,4234,,,,
6761,715,907,5587,4288,,,,
9979,3117,3871,4750,4416,,,,
229,3309,3613,5693,4778,,,,
2504,1237,970,5477,4779,,,,
5045,1023,1257,5524,4253,,,,
9515,4498,3901,4610,4600,,,,
1252,162,1206,5473,4909,,,,
3205,1449,694,5989,4362,,,,
1627,1977,641,5074,4574,,,,
1626,1236,1008,4553,4112,,,,
1624,515,1039,5668,4131,,,,
1124,2108,2562,4725,4356,,,,
1127,193,909,5641,4068,,,,
8516,2309,2020,5377,4759,,,,
5819,989,504,4956,4221,,,,
4611,1619,218,5174,4273,,,,
4610,1966,432,4533,4116,,,,
4616,1875,1450,4939,4316,,,,
146,4109,3840,5054,4104,,,,
142,1820,1849,5053,4357,,,,
143,616,215,5406,4648,,,,
148,1232,1685,4899,4090,,,,
2712,1711,1653,5475,4872,,,,
2716,325,572,4888,4110,,,,
9179,755,576,4603,4910,,,,
5454,3849,3267,4929,4172,,,,
7225,3027,3187,5115,4594,,,,
9164,279,1647,5089,4420,,,,
9166,960,1084,5044,4202,,,,
9160,2117,2267,4677,4982,,,,
9163,1189,603,4797,4786,,,,
6249,1451,1155,4890,4308,,,,
6241,3483,3161,5539,4069,,,,
6247,2157,2893,5821,4058,,,,
9703,216,1545,5025,4311,,,,
9704,3676,3177,5849,4798,,,,
8872,2109,2535,5453,4778,,,,
8877,415,151,5832,4149,,,,
827,376,1116,5884,4280,,,,
8167,2,395,4750,4726,,,,
1711,1499,1223,5391,4871,,,,
5256,40,1387,5532,4360,,,,
5258,1033,1518,5166,4761,,,,
8725,78,1007,5576,4110,,,,
4180,559,1520,5786,4491,,,,
5662,472,249,4925,4927,,,,
5661,1175,1997,5253,4734,,,,
5660,1595,891,5353,4543,,,,
6406,4292,3290,5608,4351,,,,
8180,2427,2118,5896,4856,,,,
7765,690,1191,4749,4654,,,,
7760,1936,1274,5736,4528,,,,
7761,931,1964,4922,4586,,,,
7763,2276,2176,4959,4719,,,,
3905,3557,3208,5108,4388,,,,
3906,2300,2321,5591,4718,,,,
3907,1851,429,5264,4595,,,,
3900,3005,3505,5849,4780,,,,
3903,64,1919,5820,4166,,,,
3908,3074,3317,4527,4626,,,,
6745,1934,1706,5315,4340,,,,
202,467,966,4517,4276,,,,
207,1606,1558,5516,4141,,,,
206,2516,2624,5266,4788,,,,
209,1348,1415,5388,4788,,,,
3657,23,1706,4964,4051,,,,
3650,2947,2927,5250,4137,,,,
2525,3243,3209,4642,4777,,,,
2528,1050,1343,4833,4819,,,,
5064,1120,1389,4927,4242,,,,
5066,3117,3265,5094,4498,,,,
5069,2309,2285,5514,4742,,,,
929,3510,3280,5511,4765,,,,
9576,1995,1594,5701,4400,,,,
9575,1130,888,5906,4706,,,,
927,669,623,4935,4975,,,,
5390,2170,2591,4699,4937,,,,
5394,2757,2785,4531,4193,,,,
785,1690,300,4719,4445,,,,
9395,2332,2090,5606,4753,,,,
9392,1288,1615,5403,4123,,,,
7157,4006,3345,5670,4743,,,,
7154,308,1633,5269,4494,,,,
402,1692,1589,4568,4452,,,,
786,486,1238,5376,4673,,,,
7483,1457,609,5168,4088,,,,
2899,2447,2519,4552,4490,,,,
2897,111,1864,5300,4213,,,,
2891,2703,2046,5566,4139,,,,
2893,3370,3855,5744,4337,,,,
1106,523,1993,5513,4382,,,,
1456,1054,1254,5879,4040,,,,
1837,2665,2694,5077,4443,,,,
1891,2613,2012,5776,4406,,,,
4798,1186,355,5112,4112,,,,
4794,2046,2023,5239,4690,,,,
4927,1140,1494,4546,4968,,,,
4797,3861,3742,5135,4950,,,,
4793,2547,2026,4870,4971,,,,
5830,3647,3072,5145,4003,,,,
6903,665,1568,5403,4967,,,,
6497,2531,2800,5401,4575,,,,
2778,495,1953,5522,4008,,,,
2775,2832,2788,4738,4835,,,,
9492,3819,3289,5669,4991,,,,
9144,3448,3470,4669,4531,,,,
9145,2604,2953,5116,4880,,,,
6269,1830,219,5368,4901,,,,
3467,1000,718,5689,4400,,,,
8899,3370,3553,4537,4534,,,,
8897,2509,2715,5052,4725,,,,
3075,201,424,4789,4426,,,,
5648,2901,2048,5318,4710,,,,
5641,1029,1719,4658,4688,,,,
5642,3711,3624,4951,4658,,,,
487,694,1038,4783,4213,,,,
7742,802,260,5142,4482,,,,
7740,2240,2077,5180,4063,,,,
7746,1751,1493,4510,4713,,,,
3921,1123,1097,4957,4030,,,,
3926,4450,3868,5636,4018,,,,
3925,3682,3980,5335,4773,,,,
8306,2117,2733,4618,4299,,,,
6721,550,1364,5085,4345,,,,
8303,3056,3376,4572,4703,,,,
9939,3581,3444,5745,4858,,,,
9930,2913,2800,5943,4872,,,,
6093,965,116,4589,4610,,,,
3671,4452,3934,4901,4590,,,,
3677,1746,1932,4599,4590,,,,
2543,878,1142,5811,4920,,,,
2540,4100,3638,4720,4205,,,,
2547,3976,3241,5256,4655,,,,
2544,149,342,5440,4180,,,,
2548,2279,2828,5478,4570,,,,
1103,904,1791,5269,4391,,,,
5000,1273,641,5847,4752,,,,
5004,810,760,5122,4792,,,,
3588,163,1249,5559,4966,,,,
903,1024,937,4721,4610,,,,
4428,687,196,4884,4969,,,,
901,1009,344,5090,4153,,,,
904,3866,3347,4906,4189,,,,
4420,1819,111,5851,4916,,,,
909,2495,2172,5081,4623,,,,
4426,2809,2613,4774,4341,,,,
4424,195,339,5457,4475,,,,
4425,666,1794,5587,4023,,,,
9559,1452,727,5899,4791,,,,
9557,1866,84,4560,4196,,,,
8935,894,991,5570,4327,,,,
8931,3449,3501,4907,4682,,,,
8933,2227,2354,5161,4514,,,,
7174,1298,1465,5306,4083,,,,
7176,665,58,4847,4505,,,,
1694,4474,3336,5610,4199,,,,
1695,282,1864,4661,4288,,,,
1691,1313,1018,4681,4086,,,,
1470,4011,3519,5498,4437,,,,
4229,1431,327,4682,4526,,,,
4225,3125,3607,4673,4987,,,,
4221,371,1097,5750,4437,,,,
4223,721,555,5498,4554,,,,
5300,3075,3249,5412,4094,,,,
2289,1157,85,4503,4904,,,,
2282,1421,1849,5563,4222,,,,
4827,2136,2989,5950,4978,,,,
9127,1440,428,4975,4149,,,,
8313,3125,3903,4959,4521,,,,
7915,579,46,5225,4502,,,,
6289,4238,3057,5685,4106,,,,
6282,1440,155,4755,4871,,,,
180,1125,510,5339,4393,,,,
863,1208,500,4990,4162,,,,
864,663,1971,5770,4309,,,,
3442,2730,2312,5131,4968,,,,
2026,2615,2905,5001,4545,,,,
2752,472,107,5137,4944,,,,
2753,3847,3093,5416,4519,,,,
2028,807,51,5303,4954,,,,
2759,3378,3900,5493,4640,,,,
5210,233,1324,5699,4561,,,,
5218,602,1725,5767,4053,,,,
5219,2595,2477,5138,4142,,,,
3057,2467,2856,5067,4573,,,,
4597,3215,3935,4637,4254,,,,
1313,1336,1089,5595,4897,,,,
1318,2966,2376,5224,4831,,,,
6447,4268,3252,4871,4941,,,,
6916,1228,1230,4570,4034,,,,
6442,1556,1972,5675,4472,,,,
6443,916,1129,5146,4068,,,,
6912,2866,2393,4690,4911,,,,
6441,1768,1023,5630,4783,,,,
6919,3708,3851,5038,4083,,,,
7720,1150,1576,5496,4648,,,,
7723,94,699,4586,4397,,,,
7727,2928,2239,4701,4228,,,,
3943,2180,2992,4975,4646,,,,
8324,830,1363,5756,4292,,,,
8321,4101,3152,4917,4091,,,,
8322,255,1218,5827,4038,,,,
9912,1104,1889,5613,4841,,,,
4055,1042,1154,5283,4867,,,,
4054,2757,2583,4819,4490,,,,
4051,1945,1658,5214,4046,,,,
3613,3511,3665,5330,4523,,,,
3614,239,1520,5882,4832,,,,
2569,1163,776,5784,4786,,,,
2568,1424,377,5811,4222,,,,
2560,3828,3205,4868,4550,,,,
2562,468,379,5608,4089,,,,
5023,1892,246,4967,4900,,,,
4444,566,887,4933,4250,,,,
4446,1993,1874,5869,4173,,,,
641,828,29,5281,4263,,,,
1532,2977,2266,5133,4853,,,,
5198,1560,778,4599,4297,,,,
1616,1630,321,5876,4719,,,,
8911,3443,3598,5289,4164,,,,
8917,192,702,5746,4375,,,,
7112,258,368,5195,4758,,,,
7115,838,1569,5775,4736,,,,
7119,2656,2919,5275,4114,,,,
1611,478,1419,4872,4244,,,,
1678,3257,3695,5559,4062,,,,
1674,2994,2941,5257,4320,,,,
1670,1908,1872,5260,4963,,,,
1673,138,1574,5399,4005,,,,
1410,600,1245,4911,4907,,,,
1415,8,1840,5027,4362,,,,
4209,3278,3423,5426,4740,,,,
4202,2711,2457,5517,4586,,,,
4203,2686,2830,4518,4235,,,,
5567,2796,2677,5923,4745,,,,
305,347,1763,5149,4528,,,,
7296,1876,1769,4614,4708,,,,
6117,2547,2390,4836,4971,,,,
6111,3648,3393,6000,4210,,,,
7932,4450,3781,5218,4441,,,,
9100,1574,0,4758,4598,,,,
9142,4104,3150,5626,4304,,,,
7970,566,1696,4741,4938,,,,
9496,161,1785,5801,4444,,,,
3421,3254,3174,5646,4686,,,,
4858,2152,2234,5217,4460,,,,
4856,4113,3702,4941,4343,,,,
6965,2593,2515,5854,4531,,,,
6964,1947,1083,4954,4192,,,,
1084,2412,2127,5909,4040,,,,
1082,152,470,5972,4976,,,,
1089,2476,2243,5103,4180,,,,
449,804,1704,5880,4639,,,,
1339,1034,1158,5579,4008,,,,
446,2187,2712,4965,4945,,,,
1332,971,908,4928,4080,,,,
6933,262,509,5527,4701,,,,
6936,3182,3984,5545,4593,,,,
8120,526,267,4747,4427,,,,
7706,1219,1017,5021,4592,,,,
38,587,712,4824,4745,,,,
7702,3029,3083,5551,4037,,,,
7703,3679,3059,5047,4331,,,,
31,198,1082,5919,4027,,,,
30,1626,1012,5541,4946,,,,
8347,2266,2592,4993,4285,,,,
1901,938,260,4523,4660,,,,
3464,79,1461,5968,4633,,,,
4079,1715,1346,5720,4474,,,,
3461,1322,373,5359,4792,,,,
5790,1601,1127,4607,4051,,,,
4469,1938,258,4989,4554,,,,
4463,670,1702,5358,4028,,,,
942,1279,942,5064,4727,,,,
941,2875,2574,4660,4996,,,,
9663,4043,3904,4575,4890,,,,
7138,3688,3600,4865,4135,,,,
7130,2855,2103,5980,4457,,,,
7944,1466,1150,4814,4149,,,,
1656,2402,2614,5262,4927,,,,
586,130,1838,5668,4566,,,,
587,3784,3692,4550,4443,,,,
585,1889,706,4930,4965,,,,
582,3039,3880,4821,4691,,,,
588,2190,2095,5235,4820,,,,
2834,571,212,5544,4150,,,,
5406,1827,1629,4837,4074,,,,
5404,1058,728,4534,4838,,,,
5403,1817,620,4725,4117,,,,
1433,3770,3642,5931,4741,,,,
3399,2236,2039,4537,4358,,,,
1381,266,1620,5790,4160,,,,
7688,21,1991,5087,4402,,,,
4260,1035,597,5400,4838,,,,
4263,3779,3009,4511,4445,,,,
4266,564,1917,5317,4661,,,,
3702,1281,86,4517,4324,,,,
1737,90,366,4536,4172,,,,
5546,3440,3769,4870,4458,,,,
5547,4007,3636,5796,4047,,,,
5544,2099,2559,5768,4809,,,,
5545,3430,3940,5168,4700,,,,
1881,3063,3657,4850,4470,,,,
8599,1962,52,5657,4369,,,,
5893,3505,3580,4749,4708,,,,
4662,2040,2030,5957,4443,,,,
9897,3310,3224,4589,4785,,,,
327,3703,3740,5928,4703,,,,
328,3223,3864,4639,4289,,,,
329,1973,1551,4936,4140,,,,
6139,3817,3716,5948,4128,,,,
6133,2728,2215,5135,4623,,,,
6136,1335,1933,4866,4203,,,,
9470,1230,79,5327,4947,,,,
2249,2705,2863,5614,4943,,,,
2245,4067,3356,5326,4292,,,,
2247,4290,3893,4578,4402,,,,
3400,151,775,5195,4749,,,,
3402,3831,3546,5362,4026,,,,
4878,3122,3718,4604,4893,,,,
2069,581,492,5343,4315,,,,
2799,1937,1771,4647,4569,,,,
2790,2843,2245,5272,4319,,,,
2066,1326,1935,4920,4082,,,,
9787,2064,2180,4837,4855,,,,
7093,1800,1239,5262,4374,,,,
8105,1236,842,5866,4317,,,,
8101,492,1986,5026,4805,,,,
8102,2098,2252,4810,4333,,,,
460,1172,579,5411,4200,,,,
1355,3590,3205,4636,4078,,,,
8361,4023,3302,5038,4820,,,,
8363,3745,3605,4550,4186,,,,
8362,578,895,5785,4514,,,,
8364,2883,2630,5837,4621,,,,
8366,3385,3576,5884,4051,,,,
3180,2597,2293,5569,4493,,,,
4019,777,519,4705,4174,,,,
4018,1920,1511,4867,4878,,,,
4011,785,174,5726,4839,,,,
3988,4199,3054,5166,4273,,,,
3987,2154,2054,4557,4958,,,,
3980,35,1896,4984,4204,,,,
288,772,1498,5835,4708,,,,
280,1912,599,4957,4586,,,,
283,426,1805,5768,4019,,,,
286,2503,2317,5988,4116,,,,
2474,1722,1420,5640,4946,,,,
2470,607,1236,4643,4606,,,,
7871,3883,3346,5368,4133,,,,
6309,2204,2473,4609,4939,,,,
6308,229,1470,4903,4132,,,,
6304,2436,2515,5505,4973,,,,
6307,412,485,4922,4608,,,,
6302,3925,3508,5002,4857,,,,
9319,2464,2349,5090,4627,,,,
9641,4493,3858,5796,4695,,,,
8956,4289,3147,5084,4527,,,,
1630,71,1611,5645,4231,,,,
3215,2344,2962,5611,4336,,,,
1636,169,804,5450,4157,,,,
1989,1621,1236,4666,4421,,,,
2814,2961,2746,5734,4765,,,,
2812,1686,1946,5733,4490,,,,
565,3373,3838,4502,4851,,,,
5429,824,473,5447,4569,,,,
5424,4436,3709,5572,4904,,,,
5421,3450,3754,5835,4224,,,,
5423,3261,3894,5277,4164,,,,
1181,194,529,4572,4463,,,,
4241,1675,159,5384,4594,,,,
5524,266,79,4783,4414,,,,
5528,1185,346,5802,4796,,,,
42,3779,3995,5027,4790,,,,
6544,2133,2174,4797,4256,,,,
7515,2600,2972,5521,4624,,,,
6151,1161,482,4670,4190,,,,
6152,2353,2999,5502,4933,,,,
6153,1721,444,5417,4843,,,,
6154,536,1696,5463,4277,,,,
6725,782,1275,5656,4297,,,,
6587,3704,3048,5937,4195,,,,
8755,2798,2173,5767,4199,,,,
2262,1909,1240,5405,4521,,,,
2261,2418,2728,5025,4236,,,,
4811,2061,2352,5783,4319,,,,
2045,4393,3222,5205,4744,,,,
4815,4401,3842,4892,4495,,,,
4814,1766,734,4942,4043,,,,
9412,177,1720,4790,4923,,,,
9417,479,1776,4731,4001,,,,
9616,712,1179,5296,4523,,,,
7629,699,306,5134,4155,,,,
7078,2103,2013,4783,4915,,,,
7074,4094,3577,5924,4731,,,,
7070,2304,2030,5030,4976,,,,
8162,1212,1174,5627,4149,,,,
8171,2176,2691,4643,4418,,,,
4387,2108,2636,5320,4672,,,,
405,360,283,5352,4150,,,,
1374,894,1375,4516,4424,,,,
4031,3794,3835,5860,4710,,,,
4035,474,1802,5873,4953,,,,
2455,1378,791,4562,4496,,,,
2451,2320,2621,4715,4539,,,,
2453,1298,1946,4686,4411,,,,
7852,840,1944,5861,4315,,,,
7851,1946,1038,5079,4240,,,,
7857,2481,2268,5142,4639,,,,
6367,1775,949,4793,4577,,,,
653,480,1306,5585,4184,,,,
1505,760,613,4577,4689,,,,
9338,1624,1802,5702,4348,,,,
9629,1806,1461,5827,4902,,,,
3220,1334,529,5102,4753,,,,
3233,4386,3915,5168,4148,,,,
1965,1383,584,5393,4805,,,,
7357,1213,1593,4997,4684,,,,
5442,2141,2810,5511,4204,,,,
5440,724,1055,5289,4953,,,,
5445,1243,720,5339,4423,,,,
5508,1457,1471,5197,4331,,,,
5505,1571,1832,5959,4629,,,,
5502,413,811,5412,4442,,,,
542,2298,2789,5009,4875,,,,
6560,1021,1795,5821,4435,,,,
7686,1786,703,5161,4278,,,,
7683,951,1418,5462,4443,,,,
3325,1996,1633,5770,4522,,,,
3827,910,727,4663,4699,,,,
3824,445,1721,4871,4432,,,,
3820,1325,237,5062,4444,,,,
3828,286,1364,4583,4173,,,,
8445,2786,2578,5784,4169,,,,
7538,1909,915,4722,4098,,,,
6176,3702,3134,5845,4378,,,,
6171,425,602,5379,4812,,,,
9480,2661,2996,4974,4444,,,,
2206,1679,1248,4840,4239,,,,
2207,4410,3568,5475,4376,,,,
4836,237,590,5819,4907,,,,
5296,293,1880,5179,4811,,,,
5290,676,1507,4869,4844,,,,
5291,1290,1305,4983,4260,,,,
6994,35,560,4991,4290,,,,
8143,1885,778,4737,4772,,,,
6991,2521,2557,5942,4686,,,,
7050,4412,3407,5629,4440,,,,
7051,3216,3689,5941,4698,,,,
7056,3974,3846,5742,4043,,,,
8149,1443,378,5469,4158,,,,
6998,2627,2339,5553,4704,,,,
6995,649,1111,4739,4563,,,,
6996,2872,2439,5041,4494,,,,
50,2593,2460,4732,4471,,,,
9992,140,355,5372,4137,,,,
9995,2272,2788,4908,4273,,,,
2334,3312,3854,4511,4489,,,,
6690,4446,3657,5873,4388,,,,
2436,646,556,5312,4593,,,,
2434,3494,3864,5533,4932,,,,
7839,343,521,4541,4811,,,,
7837,4060,3815,4755,4962,,,,
6342,1098,1892,5313,4941,,,,
9604,2709,2945,4699,4564,,,,
9608,1853,1543,5777,4828,,,,
1801,3403,3832,5265,4228,,,,
8990,2274,2725,5585,4548,,,,
8994,2882,2654,4973,4076,,,,
3259,3007,3308,5168,4346,,,,
1942,2948,2321,5831,4933,,,,
3252,1566,1309,4970,4505,,,,
2859,1787,1515,4966,4060,,,,
1492,2979,2492,4810,4080,,,,
5462,2886,2226,4878,4515,,,,
5467,3974,3993,4744,4098,,,,
5468,1477,401,5870,4169,,,,
525,1864,1473,5204,4317,,,,
527,2397,2394,5704,4967,,,,
520,887,1033,5608,4984,,,,
523,1869,1792,4864,4228,,,,
1231,3575,3742,5659,4672,,,,
1239,3372,3019,5219,4012,,,,
8285,889,491,4624,4017,,,,
6503,1743,417,5194,4259,,,,
6500,2812,2328,4983,4172,,,,
4676,2609,2849,5193,4806,,,,
2485,4228,3387,5268,4144,,,,
3806,3786,3317,5322,4940,,,,
3801,1730,1534,5360,4356,,,,
8463,583,13,4941,4090,,,,
8466,2306,2424,5537,4031,,,,
7558,3491,3875,5722,4008,,,,
7550,4368,3563,4968,4263,,,,
4174,2766,2726,5788,4051,,,,
7395,319,1441,4883,4377,,,,
997,1821,1497,5172,4606,,,,
7393,3044,3926,5154,4612,,,,
2226,805,199,5907,4000,,,,
5924,4172,3619,4842,4100,,,,
5925,3428,3363,4532,4931,,,,
5920,1496,424,4929,4958,,,,
5923,1699,108,5838,4234,,,,
4507,2608,2723,4800,4082,,,,
4506,2822,2060,4805,4852,,,,
4501,1497,600,5326,4263,,,,
4503,3278,3895,5314,4886,,,,
2083,323,801,4680,4899,,,,
7314,667,770,5737,4914,,,,
9013,1933,1601,5449,4528,,,,
7038,1108,1211,5888,4991,,,,
7788,1891,124,5107,4562,,,,
7782,4377,3110,4687,4521,,,,
7783,1011,413,4878,4947,,,,
1003,2476,2228,5928,4952,,,,
8616,769,962,5058,4957,,,,
8611,2618,2854,5438,4913,,,,
8612,1254,907,4567,4444,,,,
8618,3740,3757,5482,4790,,,,
5717,1982,1680,4676,4747,,,,
7813,451,1332,4969,4391,,,,
7819,2002,2207,5100,4597,,,,
4495,1544,1100,5709,4802,,,,
9375,910,880,5008,4705,,,,
2410,3866,3620,4671,4358,,,,
2142,1084,188,5810,4599,,,,
2416,3382,3038,5053,4140,,,,
2419,3409,3484,5617,4791,,,,
1922,862,1348,5583,4845,,,,
1923,1406,88,5608,4024,,,,
3317,2428,2411,5595,4372,,,,
22,1789,1140,4851,4375,,,,
61,1800,556,4639,4258,,,,
64,1284,1787,4945,4349,,,,
69,725,270,4780,4272,,,,
351,3656,3432,4723,4888,,,,
506,935,1173,4688,4940,,,,
500,1886,1837,4886,4932,,,,
1217,613,1411,4577,4570,,,,
636,463,1019,4582,4906,,,,
6523,1378,1324,5136,4186,,,,
8269,416,762,4932,4634,,,,
6527,2393,2478,4983,4244,,,,
8260,1372,1705,4507,4900,,,,
3861,1328,1976,5695,4986,,,,
8400,4121,3856,5075,4464,,,,
8407,2504,2906,5977,4272,,,,
7570,4307,3900,5570,4082,,,,
7575,1919,1288,4557,4735,,,,
7577,2982,2689,4735,4472,,,,
9811,973,1945,5030,4261,,,,
9812,884,307,4754,4506,,,,
4155,4114,3380,4567,4280,,,,
5904,1580,91,4539,4915,,,,
4561,3642,3965,4740,4995,,,,
4566,1119,1868,5390,4192,,,,
9601,2812,2511,5937,4123,,,,
9602,3657,3770,5144,4679,,,,
9606,3791,3246,4522,4445,,,,
2604,4383,3638,4831,4762,,,,
9033,2911,2984,4518,4752,,,,
7017,4448,3772,5838,4028,,,,
7012,639,1560,4821,4150,,,,
7011,370,643,4918,4607,,,,
732,2028,2119,4509,4524,,,,
753,1613,351,4684,4113,,,,
1027,758,207,4785,4942,,,,
5348,2523,2038,5889,4197,,,,
1028,1781,1897,5651,4565,,,,
3788,3968,3275,5208,4808,,,,
4361,1825,1482,5633,4443,,,,
8995,277,306,4869,4112,,,,
3109,3956,3618,4672,4817,,,,
3104,4043,3301,5389,4367,,,,
8671,3425,3917,5384,4009,,,,
4093,1512,908,5767,4021,,,,
4092,1368,839,4504,4891,,,,
4098,3887,3087,4914,4057,,,,
5734,184,1372,4811,4568,,,,
5731,1695,1215,5031,4046,,,,
5732,3679,3950,5970,4280,,,,
8093,67,117,5856,4091,,,,
8090,1647,479,4997,4772,,,,
6382,865,739,5550,4747,,,,
2385,1055,552,5461,4666,,,,
1849,2322,2925,5712,4759,,,,
4958,1137,110,5434,4499,,,,
2168,1332,1776,4564,4897,,,,
4950,3164,3815,5065,4245,,,,
4951,928,145,5309,4425,,,,
4955,3981,3736,5307,4235,,,,
2129,3110,3438,4550,4808,,,,
5138,1848,1004,5083,4052,,,,
6890,3331,3708,4551,4387,,,,
6892,504,413,5722,4070,,,,
6899,3908,3549,4815,4349,,,,
612,286,1394,5553,4326,,,,
613,10,927,5055,4117,,,,
617,1316,1901,5275,4543,,,,
614,3924,3798,5513,4072,,,,
5461,3111,3916,4887,4173,,,,
5463,4187,3327,5818,4779,,,,
1494,568,1855,5808,4902,,,,
5464,2940,2120,5545,4154,,,,
8426,4481,3183,4866,4797,,,,
5469,246,210,5905,4978,,,,
4134,1640,1562,5892,4349,,,,
4135,1052,1345,4533,4658,,,,
5692,3231,3752,4586,4784,,,,
3844,1491,437,5180,4280,,,,
3846,3502,3267,4976,4322,,,,
3849,2351,2690,5609,4629,,,,
5963,464,415,5360,4230,,,,
4541,1152,1323,5136,4088,,,,
2594,2988,2059,5571,4930,,,,
2591,2950,2623,5483,4925,,,,
2599,3370,3863,5764,4982,,,,
8603,1263,799,5382,4136,,,,
6049,3178,3633,4804,4561,,,,
2621,185,962,5952,4414,,,,
2628,3926,3034,4957,4194,,,,
2629,2023,2659,4822,4468,,,,
9583,3657,3247,5870,4574,,,,
7353,435,674,5082,4633,,,,
9584,4101,3111,5685,4438,,,,
9589,2531,2276,4683,4419,,,,
9230,2525,2177,5581,4950,,,,
9051,2439,2371,5150,4752,,,,
9055,1347,1764,5281,4922,,,,
776,495,160,5420,4471,,,,
773,2419,2224,5404,4888,,,,
779,1630,937,4579,4821,,,,
778,2624,2967,5962,4711,,,,
2979,3321,3217,5862,4035,,,,
2971,3864,3101,5041,4233,,,,
2977,3124,3826,5296,4244,,,,
1048,1762,914,5806,4241,,,,
3128,571,1453,4675,4023,,,,
3129,1657,1003,5986,4186,,,,
3124,3731,3427,5712,4264,,,,
8650,2433,2649,5360,4405,,,,
8654,1740,1808,4797,4571,,,,
5751,3914,3055,4685,4289,,,,
2020,4351,3569,5769,4673,,,,
2021,1824,308,5976,4761,,,,
6675,316,562,4844,4951,,,,
6677,1609,439,4731,4092,,,,
6671,1332,1901,4516,4536,,,,
6670,3953,3803,5418,4555,,,,
6673,959,1927,5677,4291,,,,
2326,3148,3153,4974,4147,,,,
5197,273,1514,5592,4848,,,,
2367,3542,3722,5583,4929,,,,
1712,3439,3891,4602,4141,,,,
2362,2967,2280,5815,4360,,,,
2361,1663,749,5125,4734,,,,
3728,2450,2003,5237,4406,,,,
1869,3482,3691,5052,4204,,,,
3726,2902,2686,4943,4440,,,,
3722,222,490,5539,4844,,,,
4930,473,504,5053,4692,,,,
4931,3787,3874,5478,4749,,,,
4932,847,228,5685,4045,,,,
4935,1196,1099,5222,4082,,,,
4680,841,162,5335,4905,,,,
4938,3996,3594,5363,4229,,,,
2109,191,1950,4921,4091,,,,
5118,1122,650,5446,4959,,,,
9,1218,626,4673,4379,,,,
895,1892,699,5764,4774,,,,
1788,1684,437,5119,4784,,,,
1789,3836,3857,5572,4538,,,,
1781,3902,3496,4855,4286,,,,
1784,292,545,5431,4741,,,,
6877,2573,2393,4926,4582,,,,
6871,237,1111,5674,4014,,,,
8220,1309,1584,5457,4864,,,,
8225,1320,1285,5405,4716,,,,
8229,1746,16,5238,4715,,,,
676,1129,56,4806,4444,,,,
672,989,216,5261,4669,,,,
7609,1129,829,5700,4920,,,,
7605,3184,3140,5520,4340,,,,
7604,2190,2556,5511,4081,,,,
7601,453,1347,5527,4692,,,,
4647,3943,3025,4597,4459,,,,
9855,251,1205,4938,4364,,,,
1257,163,1315,5386,4629,,,,
1520,341,1887,5637,4300,,,,
1521,1318,1160,5154,4783,,,,
1528,4221,3073,5706,4481,,,,
1259,713,540,4844,4408,,,,
4113,2873,2703,5289,4963,,,,
4110,1598,574,5565,4807,,,,
5947,673,1404,4759,4239,,,,
5942,1425,532,5155,4094,,,,
5943,2697,2674,5799,4787,,,,
5940,888,557,5130,4398,,,,
6029,2876,2770,5978,4040,,,,
2641,3700,3455,4586,4772,,,,
2643,3584,3724,5735,4928,,,,
2644,50,1620,5001,4470,,,,
9218,4332,3197,5030,4327,,,,
9211,3454,3158,5908,4284,,,,
9216,174,816,5236,4946,,,,
9073,2932,2033,5614,4082,,,,
2915,177,231,4683,4782,,,,
2917,3009,3624,4903,4508,,,,
715,2932,2477,4609,4499,,,,
712,1537,35,4765,4696,,,,
1061,1770,1899,5177,4352,,,,
5301,1738,1018,5686,4111,,,,
5303,1769,977,5217,4575,,,,
5307,1011,490,5284,4602,,,,
4322,3873,3582,5436,4216,,,,
4327,4092,3943,4646,4760,,,,
3144,2190,3000,4516,4917,,,,
5779,1517,1150,5537,4561,,,,
5771,2792,2999,4593,4571,,,,
5777,2418,2457,4690,4478,,,,
5776,1786,1611,4540,4286,,,,
7411,1425,419,5874,4447,,,,
6619,655,970,4585,4043,,,,
2341,3749,3058,5929,4360,,,,
2340,1305,1358,5903,4634,,,,
1888,3607,3108,5089,4262,,,,
3707,944,705,4996,4295,,,,
3704,1801,1672,4920,4197,,,,
3705,3559,3534,4938,4805,,,,
2121,1300,1672,5787,4548,,,,
4916,4297,3969,5714,4563,,,,
4912,1584,1537,4859,4374,,,,
4910,1941,434,4821,4666,,,,
5172,1532,609,5451,4386,,,,
5175,1184,1765,5687,4887,,,,
137,1960,445,5449,4816,,,,
1,1536,1119,4940,4070,,,,
9683,3633,3863,5299,4281,,,,
6854,1705,533,4779,4067,,,,
6851,1737,1531,5680,4318,,,,
6852,3622,3374,5502,4055,,,,
83,1563,1120,5032,4147,,,,
81,1940,709,5100,4013,,,,
85,3396,3414,4867,4252,,,,
8804,1652,645,5239,4037,,,,
8808,4240,3867,4844,4213,,,,
8809,1451,1390,5596,4854,,,,
6585,3587,3876,4877,4066,,,,
7626,1110,777,5412,4434,,,,
7620,3442,3695,5940,4785,,,,
9879,484,129,5067,4301,,,,
9877,994,1295,5532,4618,,,,
9874,706,383,5520,4378,,,,
1503,1455,613,4598,4212,,,,
655,1133,417,4942,4860,,,,
1509,707,1415,5842,4250,,,,
3080,4083,3980,5079,4068,,,,
3880,3262,3636,5066,4989,,,,
3883,355,288,5454,4722,,,,
3882,1917,1790,4525,4882,,,,
6704,1280,377,5683,4596,,,,
6706,3946,3441,5794,4468,,,,
6004,308,1266,5982,4125,,,,
9270,1474,1458,5781,4985,,,,
9278,702,2000,5888,4614,,,,
6992,2896,2087,4896,4062,,,,
9097,2691,2214,5107,4718,,,,
3579,3530,3036,5797,4460,,,,
3574,3794,3220,4905,4873,,,,
5096,4280,3460,5210,4406,,,,
2664,1739,129,4858,4950,,,,
2661,3877,3633,5707,4773,,,,
5324,624,536,5583,4677,,,,
5329,501,1154,5079,4937,,,,
730,498,194,5115,4928,,,,
735,659,411,4520,4834,,,,
738,1440,1437,5351,4508,,,,
4987,1440,1886,5712,4492,,,,
8566,3995,3739,5769,4453,,,,
8565,3959,3433,4685,4384,,,,
7479,1258,1387,4769,4439,,,,
7470,2310,2841,4687,4241,,,,
6638,2137,2265,4860,4695,,,,
7022,1956,1142,5585,4907,,,,
4707,1127,15,4748,4112,,,,
4701,153,1795,5932,4936,,,,
3767,3930,3791,4913,4845,,,,
3768,1107,474,5277,4269,,,,
3769,3374,3670,5533,4102,,,,
2494,1273,677,5989,4864,,,,
2496,3085,3891,5751,4089,,,,
7897,1678,988,4859,4381,,,,
7894,34,62,5685,4750,,,,
5153,453,342,5620,4667,,,,
5152,2379,2429,5295,4372,,,,
5155,479,747,5315,4383,,,,
5157,3742,3916,5378,4278,,,,
115,4428,3683,5767,4486,,,,
114,4233,3174,4561,4984,,,,
117,865,843,5148,4286,,,,
119,4221,3876,5417,4171,,,,
7279,331,1161,5898,4324,,,,
6836,2468,2653,5381,4678,,,,
6834,2428,2350,4626,4577,,,,
8822,1804,1002,5633,4426,,,,
8823,926,770,5261,4522,,,,
8820,3683,3338,4533,4011,,,,
8821,1180,361,5484,4724,,,,
8827,168,721,4554,4967,,,,
8824,195,43,5759,4453,,,,
8770,1233,1130,5580,4445,,,,
7642,3975,3110,5949,4629,,,,
1749,20,653,5607,4072,,,,
1487,176,1131,4665,4046,,,,
1742,2009,2799,5956,4719,,,,
9012,2843,2334,5862,4524,,,,
7292,707,36,4999,4452,,,,
9130,777,1755,5717,4907,,,,
1290,4009,3334,5722,4935,,,,
1566,1556,1443,4577,4756,,,,
5636,1032,1641,5785,4158,,,,
8480,1366,1323,4658,4100,,,,